{
	"general_settings" : 	{
		"current_system:" : -68,
		"bar1_beatsperbar:" : 4,
		"ballcolor:" : "ball_blue.png",
		"scrollerspeed:" : 0.5,
		"first_system:" : [ 0.0, 0.0 ],
		"score_file:" : "pvii_score.png"
	}
,
	"bar1" : 	{
		"ballcoord:" : [ 81.0, 143.0, 130.0, 75.0 ],
		"beatsperbar:" : 4,
		"beatmap:" : [ 0.0, 0.25, 0.5, 0.75 ],
		"scoreoffset:" : [ -99.905785, -27.36059 ],
		"ballheight:" : 0.4
	}
,
	"bar2" : 	{
		"ballcoord:" : [ 202.0, 143.0, 140.0, 75.0 ],
		"beatsperbar:" : 4,
		"beatmap:" : [ 0.0, 0.25, 0.5, 0.75 ],
		"scoreoffset:" : [ -99.905785, -27.36059 ],
		"ballheight:" : 0.4
	}
,
	"bar3" : 	{
		"ballcoord:" : [ 332.0, 143.0, 299.0, 75.0 ],
		"beatsperbar:" : 4,
		"beatmap:" : [ 0.0, 0.161616, 0.323232, 0.632997 ],
		"scoreoffset:" : [ -99.905785, -27.36059 ],
		"ballheight:" : 0.4
	}
,
	"bar4" : 	{
		"ballcoord:" : [ 623.0, 143.0, 218.0, 75.0 ],
		"beatsperbar:" : 4,
		"beatmap:" : [ 0.0, 0.199074, 0.398148, 0.606481 ],
		"scoreoffset:" : [ -99.905785, -27.36059 ],
		"ballheight:" : 0.4
	}
,
	"bar5" : 	{
		"ballcoord:" : [ 833.0, 143.0, 244.0, 75.0 ],
		"beatsperbar:" : 4,
		"beatmap:" : [ 0.0, 0.35124, 0.520661, 0.714876 ],
		"scoreoffset:" : [ -99.905785, -27.36059 ],
		"ballheight:" : 0.4
	}
,
	"bar6" : 	{
		"ballcoord:" : [ 67.0, 143.0, 204.0, 75.0 ],
		"beatsperbar:" : 4,
		"beatmap:" : [ 0.0, 0.470297, 0.663366, 0.821782 ],
		"scoreoffset:" : [ -99.905785, -217.623444 ],
		"ballheight:" : 0.4
	}
,
	"bar7" : 	{
		"ballcoord:" : [ 262.0, 143.0, 121.0, 75.0 ],
		"beatsperbar:" : 4,
		"beatmap:" : [ 0.0, 0.25, 0.5, 0.75 ],
		"scoreoffset:" : [ -99.905785, -217.623444 ],
		"ballheight:" : 0.4
	}
,
	"bar8" : 	{
		"ballcoord:" : [ 374.0, 143.0, 131.0, 75.0 ],
		"beatsperbar:" : 4,
		"beatmap:" : [ 0.0, 0.25, 0.5, 0.75 ],
		"scoreoffset:" : [ -99.905785, -217.623444 ],
		"ballheight:" : 0.4
	}
,
	"bar9" : 	{
		"ballcoord:" : [ 495.0, 143.0, 168.0, 75.0 ],
		"beatsperbar:" : 4,
		"beatmap:" : [ 0.0, 0.228916, 0.457831, 0.668675 ],
		"scoreoffset:" : [ -99.905785, -217.623444 ],
		"ballheight:" : 0.4
	}
,
	"bar10" : 	{
		"ballcoord:" : [ 653.0, 143.0, 215.0, 75.0 ],
		"beatsperbar:" : 4,
		"beatmap:" : [ 0.0, 0.192488, 0.352113, 0.751174 ],
		"scoreoffset:" : [ -99.905785, -217.623444 ],
		"ballheight:" : 0.4
	}
,
	"bar11" : 	{
		"ballcoord:" : [ 858.0, 143.0, 215.0, 75.0 ],
		"beatsperbar:" : 4,
		"beatmap:" : [ 0.0, 0.173709, 0.352113, 0.793427 ],
		"scoreoffset:" : [ -99.905785, -217.623444 ],
		"ballheight:" : 0.4
	}
,
	"bar12" : 	{
		"ballcoord:" : [ 62.0, 143.0, 151.0, 75.0 ],
		"beatsperbar:" : 4,
		"beatmap:" : [ 0.0, 0.25, 0.5, 0.75 ],
		"scoreoffset:" : [ -99.905785, -410.346375 ],
		"ballheight:" : 0.4
	}
,
	"bar13" : 	{
		"ballcoord:" : [ 204.0, 143.0, 279.0, 75.0 ],
		"beatsperbar:" : 4,
		"beatmap:" : [ 0.0, 0.25, 0.407942, 0.743682 ],
		"scoreoffset:" : [ -99.905785, -410.346375 ],
		"ballheight:" : 0.4
	}
,
	"bar14" : 	{
		"ballcoord:" : [ 475.0, 143.0, 255.0, 75.0 ],
		"beatsperbar:" : 4,
		"beatmap:" : [ 0.0, 0.201581, 0.355731, 0.588933 ],
		"scoreoffset:" : [ -99.905785, -410.346375 ],
		"ballheight:" : 0.4
	}
,
	"bar15" : 	{
		"ballcoord:" : [ 721.0, 143.0, 214.0, 75.0 ],
		"beatsperbar:" : 4,
		"beatmap:" : [ 0.0, 0.330189, 0.580189, 0.768868 ],
		"scoreoffset:" : [ -99.905785, -410.346375 ],
		"ballheight:" : 0.4
	}
,
	"bar16" : 	{
		"ballcoord:" : [ 924.0, 143.0, 150.0, 75.0 ],
		"beatsperbar:" : 4,
		"beatmap:" : [ 0.0, 0.25, 0.5, 0.75 ],
		"scoreoffset:" : [ -99.905785, -410.346375 ],
		"ballheight:" : 0.4
	}
,
	"bar17" : 	{
		"ballcoord:" : [ 63.0, 143.0, 252.0, 75.0 ],
		"beatsperbar:" : 4,
		"beatmap:" : [ 0.0, 0.22, 0.472, 0.716 ],
		"scoreoffset:" : [ -99.905785, -603.881775 ],
		"ballheight:" : 0.4
	}
,
	"bar18" : 	{
		"ballcoord:" : [ 305.0, 143.0, 247.0, 75.0 ],
		"beatsperbar:" : 4,
		"beatmap:" : [ 0.0, 0.25, 0.5, 0.75 ],
		"scoreoffset:" : [ -99.905785, -603.881775 ],
		"ballheight:" : 0.4
	}
,
	"bar19" : 	{
		"ballcoord:" : [ 544.0, 143.0, 297.0, 75.0 ],
		"beatsperbar:" : 4,
		"beatmap:" : [ 0.0, 0.213559, 0.461017, 0.718644 ],
		"scoreoffset:" : [ -99.905785, -603.881775 ],
		"ballheight:" : 0.4
	}
,
	"bar20" : 	{
		"ballcoord:" : [ 832.0, 143.0, 244.0, 75.0 ],
		"beatsperbar:" : 4,
		"beatmap:" : [ 0.0, 0.219008, 0.421488, 0.702479 ],
		"scoreoffset:" : [ -99.905785, -603.881775 ],
		"ballheight:" : 0.4
	}
,
	"bar21" : 	{
		"ballcoord:" : [ 59.0, 143.0, 223.0, 75.0 ],
		"beatsperbar:" : 4,
		"beatmap:" : [ 0.0, 0.180995, 0.343891, 0.714932 ],
		"scoreoffset:" : [ -99.905785, -795.708435 ],
		"ballheight:" : 0.4
	}
,
	"bar22" : 	{
		"ballcoord:" : [ 274.0, 143.0, 212.0, 75.0 ],
		"beatsperbar:" : 4,
		"beatmap:" : [ 0.0, 0.219048, 0.4, 0.609524 ],
		"scoreoffset:" : [ -99.905785, -795.708435 ],
		"ballheight:" : 0.4
	}
,
	"bar23" : 	{
		"ballcoord:" : [ 478.0, 143.0, 247.0, 75.0 ],
		"beatsperbar:" : 4,
		"beatmap:" : [ 0.0, 0.25, 0.436735, 0.722449 ],
		"scoreoffset:" : [ -99.905785, -795.708435 ],
		"ballheight:" : 0.4
	}
,
	"bar24" : 	{
		"ballcoord:" : [ 717.0, 143.0, 195.0, 75.0 ],
		"beatsperbar:" : 4,
		"beatmap:" : [ 0.0, 0.217617, 0.388601, 0.569948 ],
		"scoreoffset:" : [ -99.905785, -795.708435 ],
		"ballheight:" : 0.4
	}
,
	"bar25" : 	{
		"ballcoord:" : [ 903.0, 143.0, 171.0, 75.0 ],
		"beatsperbar:" : 4,
		"beatmap:" : [ 0.0, 0.343195, 0.579882, 0.786982 ],
		"scoreoffset:" : [ -99.905785, -795.708435 ],
		"ballheight:" : 0.4
	}
,
	"bar26" : 	{
		"ballcoord:" : [ 52.0, 143.0, 128.0, 75.0 ],
		"beatsperbar:" : 4,
		"beatmap:" : [ 0.0, 0.25, 0.5, 0.75 ],
		"scoreoffset:" : [ -99.905785, -986.896118 ],
		"ballheight:" : 0.4
	}
,
	"bar27" : 	{
		"ballcoord:" : [ 171.0, 143.0, 167.0, 75.0 ],
		"beatsperbar:" : 4,
		"beatmap:" : [ 0.0, 0.25, 0.527273, 0.75 ],
		"scoreoffset:" : [ -99.905785, -986.896118 ],
		"ballheight:" : 0.4
	}
,
	"bar28" : 	{
		"ballcoord:" : [ 327.0, 143.0, 217.0, 75.0 ],
		"beatsperbar:" : 4,
		"beatmap:" : [ 0.0, 0.209302, 0.4, 0.72093 ],
		"scoreoffset:" : [ -99.905785, -986.896118 ],
		"ballheight:" : 0.4
	}
,
	"bar29" : 	{
		"ballcoord:" : [ 536.0, 143.0, 201.0, 75.0 ],
		"beatsperbar:" : 4,
		"beatmap:" : [ 0.0, 0.20603, 0.39196, 0.703518 ],
		"scoreoffset:" : [ -99.905785, -986.896118 ],
		"ballheight:" : 0.4
	}
,
	"bar30" : 	{
		"ballcoord:" : [ 728.0, 143.0, 213.0, 75.0 ],
		"beatsperbar:" : 4,
		"beatmap:" : [ 0.0, 0.251185, 0.559242, 0.78673 ],
		"scoreoffset:" : [ -99.905785, -986.896118 ],
		"ballheight:" : 0.4
	}
,
	"bar31" : 	{
		"ballcoord:" : [ 932.0, 143.0, 141.0, 75.0 ],
		"beatsperbar:" : 4,
		"beatmap:" : [ 0.0, 0.25, 0.446043, 0.676259 ],
		"scoreoffset:" : [ -99.905785, -986.896118 ],
		"ballheight:" : 0.4
	}
,
	"bar32" : 	{
		"ballcoord:" : [ 54.0, 143.0, 152.0, 75.0 ],
		"beatsperbar:" : 4,
		"beatmap:" : [ 0.0, 0.25, 0.5, 0.75 ],
		"scoreoffset:" : [ -99.905785, -1181.035767 ],
		"ballheight:" : 0.4
	}
,
	"bar33" : 	{
		"ballcoord:" : [ 197.0, 143.0, 156.0, 75.0 ],
		"beatsperbar:" : 4,
		"beatmap:" : [ 0.0, 0.25, 0.5, 0.75 ],
		"scoreoffset:" : [ -99.905785, -1181.035767 ],
		"ballheight:" : 0.4
	}
,
	"bar34" : 	{
		"ballcoord:" : [ 345.0, 143.0, 164.0, 75.0 ],
		"beatsperbar:" : 4,
		"beatmap:" : [ 0.0, 0.25, 0.5, 0.75 ],
		"scoreoffset:" : [ -99.905785, -1181.035767 ],
		"ballheight:" : 0.4
	}
,
	"bar35" : 	{
		"ballcoord:" : [ 499.0, 143.0, 344.0, 75.0 ],
		"beatsperbar:" : 4,
		"beatmap:" : [ 0.0, 0.330409, 0.640351, 0.812865 ],
		"scoreoffset:" : [ -99.905785, -1181.035767 ],
		"ballheight:" : 0.4
	}
,
	"bar36" : 	{
		"ballcoord:" : [ 834.0, 143.0, 242.0, 75.0 ],
		"beatsperbar:" : 4,
		"beatmap:" : [ 0.0, 0.275, 0.516667, 0.775 ],
		"scoreoffset:" : [ -99.905785, -1181.035767 ],
		"ballheight:" : 0.4
	}
,
	"bar37" : 	{
		"ballcoord:" : [ 66.0, 143.0, 218.0, 75.0 ],
		"beatsperbar:" : 4,
		"beatmap:" : [ 0.0, 0.217593, 0.490741, 0.675926 ],
		"scoreoffset:" : [ -99.905785, -1372.071167 ],
		"ballheight:" : 0.4
	}
,
	"bar38" : 	{
		"ballcoord:" : [ 275.0, 143.0, 203.0, 75.0 ],
		"beatsperbar:" : 4,
		"beatmap:" : [ 0.0, 0.268657, 0.631841, 0.80597 ],
		"scoreoffset:" : [ -99.905785, -1372.071167 ],
		"ballheight:" : 0.4
	}
,
	"bar39" : 	{
		"ballcoord:" : [ 469.0, 143.0, 177.0, 75.0 ],
		"beatsperbar:" : 4,
		"beatmap:" : [ 0.0, 0.222857, 0.451429, 0.691429 ],
		"scoreoffset:" : [ -99.905785, -1372.071167 ],
		"ballheight:" : 0.4
	}
,
	"bar40" : 	{
		"ballcoord:" : [ 637.0, 143.0, 190.0, 75.0 ],
		"beatsperbar:" : 4,
		"beatmap:" : [ 0.0, 0.207447, 0.37766, 0.531915 ],
		"scoreoffset:" : [ -99.905785, -1372.071167 ],
		"ballheight:" : 0.4
	}
,
	"bar41" : 	{
		"ballcoord:" : [ 819.0, 143.0, 134.0, 75.0 ],
		"beatsperbar:" : 4,
		"beatmap:" : [ 0.0, 0.25, 0.5, 0.75 ],
		"scoreoffset:" : [ -99.905785, -1372.071167 ],
		"ballheight:" : 0.4
	}
,
	"bar42" : 	{
		"ballcoord:" : [ 944.0, 143.0, 129.0, 75.0 ],
		"beatsperbar:" : 4,
		"beatmap:" : [ 0.0, 0.25, 0.5, 0.75 ],
		"scoreoffset:" : [ -99.905785, -1372.071167 ],
		"ballheight:" : 0.4
	}
,
	"bar43" : 	{
		"ballcoord:" : [ 55.0, 143.0, 162.0, 75.0 ],
		"beatsperbar:" : 4,
		"beatmap:" : [ 0.0, 0.25, 0.5, 0.75 ],
		"scoreoffset:" : [ -99.905785, -1563.539673 ],
		"ballheight:" : 0.4
	}
,
	"bar44" : 	{
		"ballcoord:" : [ 208.0, 143.0, 212.0, 75.0 ],
		"beatsperbar:" : 4,
		"beatmap:" : [ 0.0, 0.25, 0.471429, 0.704762 ],
		"scoreoffset:" : [ -99.905785, -1563.539673 ],
		"ballheight:" : 0.4
	}
,
	"bar45" : 	{
		"ballcoord:" : [ 410.0, 143.0, 165.0, 75.0 ],
		"beatsperbar:" : 4,
		"beatmap:" : [ 0.0, 0.25, 0.5, 0.75 ],
		"scoreoffset:" : [ -99.905785, -1563.539673 ],
		"ballheight:" : 0.4
	}
,
	"bar46" : 	{
		"ballcoord:" : [ 565.0, 143.0, 185.0, 75.0 ],
		"beatsperbar:" : 4,
		"beatmap:" : [ 0.0, 0.327869, 0.546448, 0.75 ],
		"scoreoffset:" : [ -99.905785, -1563.539673 ],
		"ballheight:" : 0.4
	}
,
	"bar47" : 	{
		"ballcoord:" : [ 740.0, 143.0, 162.0, 75.0 ],
		"beatsperbar:" : 4,
		"beatmap:" : [ 0.0, 0.25, 0.5, 0.75 ],
		"scoreoffset:" : [ -99.905785, -1563.539673 ],
		"ballheight:" : 0.4
	}
,
	"bar48" : 	{
		"ballcoord:" : [ 892.0, 143.0, 179.0, 75.0 ],
		"beatsperbar:" : 4,
		"beatmap:" : [ 0.0, 0.25, 0.5, 0.75 ],
		"scoreoffset:" : [ -99.905785, -1563.539673 ],
		"ballheight:" : 0.4
	}
,
	"bar49" : 	{
		"ballcoord:" : [ 60.0, 143.0, 178.0, 75.0 ],
		"beatsperbar:" : 4,
		"beatmap:" : [ 0.0, 0.448864, 0.619318, 0.75 ],
		"scoreoffset:" : [ -99.905785, -1758.436279 ],
		"ballheight:" : 0.4
	}
,
	"bar50" : 	{
		"ballcoord:" : [ 228.0, 143.0, 168.0, 75.0 ],
		"beatsperbar:" : 4,
		"beatmap:" : [ 0.0, 0.409639, 0.60241, 0.777108 ],
		"scoreoffset:" : [ -99.905785, -1758.436279 ],
		"ballheight:" : 0.4
	}
,
	"bar51" : 	{
		"ballcoord:" : [ 388.0, 143.0, 162.0, 75.0 ],
		"beatsperbar:" : 4,
		"beatmap:" : [ 0.0, 0.4, 0.59375, 0.75625 ],
		"scoreoffset:" : [ -99.905785, -1758.436279 ],
		"ballheight:" : 0.4
	}
,
	"bar52" : 	{
		"ballcoord:" : [ 540.0, 143.0, 155.0, 75.0 ],
		"beatsperbar:" : 4,
		"beatmap:" : [ 0.0, 0.320261, 0.522876, 0.660131 ],
		"scoreoffset:" : [ -99.905785, -1758.436279 ],
		"ballheight:" : 0.4
	}
,
	"bar53" : 	{
		"ballcoord:" : [ 685.0, 143.0, 159.0, 75.0 ],
		"beatsperbar:" : 4,
		"beatmap:" : [ 0.0, 0.33758, 0.592357, 0.796178 ],
		"scoreoffset:" : [ -99.905785, -1758.436279 ],
		"ballheight:" : 0.4
	}
,
	"bar54" : 	{
		"ballcoord:" : [ 835.0, 143.0, 121.0, 75.0 ],
		"beatsperbar:" : 4,
		"beatmap:" : [ 0.0, 0.25, 0.5, 0.75 ],
		"scoreoffset:" : [ -99.905785, -1758.436279 ],
		"ballheight:" : 0.4
	}
,
	"bar55" : 	{
		"ballcoord:" : [ 947.0, 143.0, 127.0, 75.0 ],
		"beatsperbar:" : 4,
		"beatmap:" : [ 0.0, 0.25, 0.5, 0.75 ],
		"scoreoffset:" : [ -99.905785, -1758.436279 ],
		"ballheight:" : 0.4
	}
,
	"bar56" : 	{
		"ballcoord:" : [ 59.0, 143.0, 158.0, 75.0 ],
		"beatsperbar:" : 4,
		"beatmap:" : [ 0.0, 0.25, 0.455128, 0.679487 ],
		"scoreoffset:" : [ -99.905785, -1948.685547 ],
		"ballheight:" : 0.4
	}
,
	"bar57" : 	{
		"ballcoord:" : [ 208.0, 143.0, 117.0, 75.0 ],
		"beatsperbar:" : 4,
		"beatmap:" : [ 0.0, 0.25, 0.5, 0.75 ],
		"scoreoffset:" : [ -99.905785, -1948.685547 ],
		"ballheight:" : 0.4
	}
,
	"bar58" : 	{
		"ballcoord:" : [ 316.0, 143.0, 120.0, 75.0 ],
		"beatsperbar:" : 4,
		"beatmap:" : [ 0.0, 0.25, 0.5, 0.75 ],
		"scoreoffset:" : [ -99.905785, -1948.685547 ],
		"ballheight:" : 0.4
	}
,
	"bar59" : 	{
		"ballcoord:" : [ 427.0, 143.0, 137.0, 75.0 ],
		"beatsperbar:" : 4,
		"beatmap:" : [ 0.0, 0.222222, 0.42963, 0.637037 ],
		"scoreoffset:" : [ -99.905785, -1948.685547 ],
		"ballheight:" : 0.4
	}
,
	"bar60" : 	{
		"ballcoord:" : [ 555.0, 143.0, 119.0, 75.0 ],
		"beatsperbar:" : 4,
		"beatmap:" : [ 0.0, 0.25, 0.5, 0.75 ],
		"scoreoffset:" : [ -99.905785, -1948.685547 ],
		"ballheight:" : 0.4
	}
,
	"bar61" : 	{
		"ballcoord:" : [ 665.0, 143.0, 135.0, 75.0 ],
		"beatsperbar:" : 4,
		"beatmap:" : [ 0.0, 0.345865, 0.556391, 0.75 ],
		"scoreoffset:" : [ -99.905785, -1948.685547 ],
		"ballheight:" : 0.4
	}
,
	"bar62" : 	{
		"ballcoord:" : [ 791.0, 143.0, 132.0, 75.0 ],
		"beatsperbar:" : 4,
		"beatmap:" : [ 0.0, 0.25, 0.5, 0.75 ],
		"scoreoffset:" : [ -99.905785, -1948.685547 ],
		"ballheight:" : 0.4
	}
,
	"bar63" : 	{
		"ballcoord:" : [ 914.0, 143.0, 156.0, 75.0 ],
		"beatsperbar:" : 4,
		"beatmap:" : [ 0.0, 0.344156, 0.590909, 0.792208 ],
		"scoreoffset:" : [ -99.905785, -1948.685547 ],
		"ballheight:" : 0.4
	}
,
	"bar64" : 	{
		"ballcoord:" : [ 54.0, 143.0, 125.0, 75.0 ],
		"beatsperbar:" : 4,
		"beatmap:" : [ 0.0, 0.25, 0.5, 0.75 ],
		"scoreoffset:" : [ -99.905785, -2140.769531 ],
		"ballheight:" : 0.4
	}
,
	"bar65" : 	{
		"ballcoord:" : [ 170.0, 143.0, 138.0, 75.0 ],
		"beatsperbar:" : 4,
		"beatmap:" : [ 0.0, 0.25, 0.5, 0.75 ],
		"scoreoffset:" : [ -99.905785, -2140.769531 ],
		"ballheight:" : 0.4
	}
,
	"bar66" : 	{
		"ballcoord:" : [ 298.0, 143.0, 261.0, 75.0 ],
		"beatsperbar:" : 4,
		"beatmap:" : [ 0.0, 0.200772, 0.544402, 0.75 ],
		"scoreoffset:" : [ -99.905785, -2140.769531 ],
		"ballheight:" : 0.4
	}
,
	"bar67" : 	{
		"ballcoord:" : [ 550.0, 143.0, 353.0, 75.0 ],
		"beatsperbar:" : 4,
		"beatmap:" : [ 0.0, 0.333333, 0.5, 0.638177 ],
		"scoreoffset:" : [ -99.905785, -2140.769531 ],
		"ballheight:" : 0.4
	}
,
	"bar68" : 	{
		"ballcoord:" : [ 896.0, 143.0, 175.0, 75.0 ],
		"beatsperbar:" : 4,
		"beatmap:" : [ 0.0, 0.33526, 0.606936, 0.791907 ],
		"scoreoffset:" : [ -99.905785, -2140.769531 ],
		"ballheight:" : 0.4
	}
,
	"bar69" : 	{
		"ballcoord:" : [ 73.0, 143.0, 433.0, 75.0 ],
		"beatsperbar:" : 4,
		"beatmap:" : [ 0.0, 0.296984, 0.524362, 0.75406 ],
		"scoreoffset:" : [ -99.905785, -2332.590576 ],
		"ballheight:" : 0.4
	}
,
	"bar70" : 	{
		"ballcoord:" : [ 497.0, 143.0, 272.0, 75.0 ],
		"beatsperbar:" : 4,
		"beatmap:" : [ 0.0, 0.225926, 0.418519, 0.666667 ],
		"scoreoffset:" : [ -99.905785, -2332.590576 ],
		"ballheight:" : 0.4
	}
,
	"bar71" : 	{
		"ballcoord:" : [ 760.0, 143.0, 315.0, 75.0 ],
		"beatsperbar:" : 4,
		"beatmap:" : [ 0.0, 0.217252, 0.523962, 0.769968 ],
		"scoreoffset:" : [ -99.905785, -2332.590576 ],
		"ballheight:" : 0.4
	}
,
	"bar72" : 	{
		"ballcoord:" : [ 64.0, 143.0, 268.0, 75.0 ],
		"beatsperbar:" : 4,
		"beatmap:" : [ 0.0, 0.218045, 0.473684, 0.75188 ],
		"scoreoffset:" : [ -99.905785, -2525.84668 ],
		"ballheight:" : 0.4
	}
,
	"bar73" : 	{
		"ballcoord:" : [ 323.0, 143.0, 209.0, 75.0 ],
		"beatsperbar:" : 4,
		"beatmap:" : [ 0.0, 0.323671, 0.52657, 0.7343 ],
		"scoreoffset:" : [ -99.905785, -2525.84668 ],
		"ballheight:" : 0.4
	}
,
	"bar74" : 	{
		"ballcoord:" : [ 522.0, 143.0, 316.0, 75.0 ],
		"beatsperbar:" : 4,
		"beatmap:" : [ 0.0, 0.270701, 0.5, 0.742038 ],
		"scoreoffset:" : [ -99.905785, -2525.84668 ],
		"ballheight:" : 0.4
	}
,
	"bar75" : 	{
		"ballcoord:" : [ 830.0, 143.0, 243.0, 75.0 ],
		"beatsperbar:" : 4,
		"beatmap:" : [ 0.0, 0.224066, 0.477178, 0.738589 ],
		"scoreoffset:" : [ -99.905785, -2525.84668 ],
		"ballheight:" : 0.4
	}
,
	"bar76" : 	{
		"ballcoord:" : [ 63.0, 143.0, 250.0, 75.0 ],
		"beatsperbar:" : 4,
		"beatmap:" : [ 0.0, 0.262097, 0.5, 0.75 ],
		"scoreoffset:" : [ -99.905785, -2717.691406 ],
		"ballheight:" : 0.4
	}
,
	"bar77" : 	{
		"ballcoord:" : [ 303.0, 143.0, 134.0, 75.0 ],
		"beatsperbar:" : 4,
		"beatmap:" : [ 0.0, 0.25, 0.5, 0.75 ],
		"scoreoffset:" : [ -99.905785, -2717.691406 ],
		"ballheight:" : 0.4
	}
,
	"bar78" : 	{
		"ballcoord:" : [ 429.0, 143.0, 149.0, 75.0 ],
		"beatsperbar:" : 4,
		"beatmap:" : [ 0.0, 0.25, 0.5, 0.75 ],
		"scoreoffset:" : [ -99.905785, -2717.691406 ],
		"ballheight:" : 0.4
	}
,
	"bar79" : 	{
		"ballcoord:" : [ 569.0, 143.0, 372.0, 75.0 ],
		"beatsperbar:" : 4,
		"beatmap:" : [ 0.0, 0.321622, 0.510811, 0.759459 ],
		"scoreoffset:" : [ -99.905785, -2717.691406 ],
		"ballheight:" : 0.4
	}
,
	"bar80" : 	{
		"ballcoord:" : [ 931.0, 143.0, 140.0, 75.0 ],
		"beatsperbar:" : 4,
		"beatmap:" : [ 0.0, 0.25, 0.5, 0.75 ],
		"scoreoffset:" : [ -99.905785, -2717.691406 ],
		"ballheight:" : 0.4
	}
,
	"bar81" : 	{
		"ballcoord:" : [ 71.0, 143.0, 355.0, 75.0 ],
		"beatsperbar:" : 4,
		"beatmap:" : [ 0.0, 0.31728, 0.521246, 0.807365 ],
		"scoreoffset:" : [ -99.905785, -2910.846924 ],
		"ballheight:" : 0.4
	}
,
	"bar82" : 	{
		"ballcoord:" : [ 418.0, 143.0, 153.0, 75.0 ],
		"beatsperbar:" : 4,
		"beatmap:" : [ 0.0, 0.25, 0.5, 0.75 ],
		"scoreoffset:" : [ -99.905785, -2910.846924 ],
		"ballheight:" : 0.4
	}
,
	"bar83" : 	{
		"ballcoord:" : [ 564.0, 143.0, 262.0, 75.0 ],
		"beatsperbar:" : 4,
		"beatmap:" : [ 0.0, 0.276923, 0.5, 0.75 ],
		"scoreoffset:" : [ -99.905785, -2910.846924 ],
		"ballheight:" : 0.4
	}
,
	"bar84" : 	{
		"ballcoord:" : [ 817.0, 143.0, 256.0, 75.0 ],
		"beatsperbar:" : 4,
		"beatmap:" : [ 0.0, 0.25, 0.5, 0.783465 ],
		"scoreoffset:" : [ -99.905785, -2910.846924 ],
		"ballheight:" : 0.4
	}
,
	"bar85" : 	{
		"ballcoord:" : [ 65.0, 143.0, 244.0, 75.0 ],
		"beatsperbar:" : 4,
		"beatmap:" : [ 0.0, 0.276859, 0.57438, 0.780992 ],
		"scoreoffset:" : [ -99.905785, -3101.719238 ],
		"ballheight:" : 0.4
	}
,
	"bar86" : 	{
		"ballcoord:" : [ 299.0, 143.0, 191.0, 75.0 ],
		"beatsperbar:" : 4,
		"beatmap:" : [ 0.0, 0.25, 0.5, 0.75 ],
		"scoreoffset:" : [ -99.905785, -3101.719238 ],
		"ballheight:" : 0.4
	}
,
	"bar87" : 	{
		"ballcoord:" : [ 486.0, 143.0, 213.0, 75.0 ],
		"beatsperbar:" : 4,
		"beatmap:" : [ 0.0, 0.25, 0.483412, 0.75 ],
		"scoreoffset:" : [ -99.905785, -3101.719238 ],
		"ballheight:" : 0.4
	}
,
	"bar88" : 	{
		"ballcoord:" : [ 691.0, 143.0, 178.0, 75.0 ],
		"beatsperbar:" : 4,
		"beatmap:" : [ 0.0, 0.25, 0.5, 0.75 ],
		"scoreoffset:" : [ -99.905785, -3101.719238 ],
		"ballheight:" : 0.4
	}
,
	"bar89" : 	{
		"ballcoord:" : [ 860.0, 143.0, 213.0, 75.0 ],
		"beatsperbar:" : 4,
		"beatmap:" : [ 0.0, 0.25, 0.530806, 0.772512 ],
		"scoreoffset:" : [ -99.905785, -3101.719238 ],
		"ballheight:" : 0.4
	}
,
	"bar90" : 	{
		"ballcoord:" : [ 62.0, 143.0, 131.0, 75.0 ],
		"beatsperbar:" : 4,
		"beatmap:" : [ 0.0, 0.25, 0.5, 0.75 ],
		"scoreoffset:" : [ -99.905785, -3295.281006 ],
		"ballheight:" : 0.4
	}
,
	"bar91" : 	{
		"ballcoord:" : [ 183.0, 143.0, 224.0, 75.0 ],
		"beatsperbar:" : 4,
		"beatmap:" : [ 0.0, 0.25, 0.427928, 0.743243 ],
		"scoreoffset:" : [ -99.905785, -3295.281006 ],
		"ballheight:" : 0.4
	}
,
	"bar92" : 	{
		"ballcoord:" : [ 398.0, 143.0, 170.0, 75.0 ],
		"beatsperbar:" : 4,
		"beatmap:" : [ 0.0, 0.208333, 0.410714, 0.60119 ],
		"scoreoffset:" : [ -99.905785, -3295.281006 ],
		"ballheight:" : 0.4
	}
,
	"bar93" : 	{
		"ballcoord:" : [ 558.0, 143.0, 188.0, 75.0 ],
		"beatsperbar:" : 4,
		"beatmap:" : [ 0.0, 0.403226, 0.586021, 0.75 ],
		"scoreoffset:" : [ -99.905785, -3295.281006 ],
		"ballheight:" : 0.4
	}
,
	"bar94" : 	{
		"ballcoord:" : [ 737.0, 143.0, 154.0, 75.0 ],
		"beatsperbar:" : 4,
		"beatmap:" : [ 0.0, 0.230263, 0.434211, 0.638158 ],
		"scoreoffset:" : [ -99.905785, -3295.281006 ],
		"ballheight:" : 0.4
	}
,
	"bar95" : 	{
		"ballcoord:" : [ 881.0, 143.0, 196.0, 75.0 ],
		"beatsperbar:" : 4,
		"beatmap:" : [ 0.0, 0.216495, 0.42268, 0.64433 ],
		"scoreoffset:" : [ -99.905785, -3295.281006 ],
		"ballheight:" : 0.4
	}
,
	"bar96" : 	{
		"ballcoord:" : [ 63.0, 143.0, 287.0, 75.0 ],
		"beatsperbar:" : 4,
		"beatmap:" : [ 0.0, 0.368421, 0.607018, 0.761404 ],
		"scoreoffset:" : [ -99.905785, -3486.512207 ],
		"ballheight:" : 0.4
	}
,
	"bar97" : 	{
		"ballcoord:" : [ 342.0, 143.0, 230.0, 75.0 ],
		"beatsperbar:" : 4,
		"beatmap:" : [ 0.0, 0.328947, 0.600877, 0.77193 ],
		"scoreoffset:" : [ -99.905785, -3486.512207 ],
		"ballheight:" : 0.4
	}
,
	"bar98" : 	{
		"ballcoord:" : [ 563.0, 143.0, 311.0, 75.0 ],
		"beatsperbar:" : 4,
		"beatmap:" : [ 0.0, 0.223301, 0.533981, 0.770227 ],
		"scoreoffset:" : [ -99.905785, -3486.512207 ],
		"ballheight:" : 0.4
	}
,
	"bar99" : 	{
		"ballcoord:" : [ 865.0, 143.0, 211.0, 75.0 ],
		"beatsperbar:" : 4,
		"beatmap:" : [ 0.0, 0.229665, 0.397129, 0.641148 ],
		"scoreoffset:" : [ -99.905785, -3486.512207 ],
		"ballheight:" : 0.4
	}
,
	"bar100" : 	{
		"ballcoord:" : [ 61.0, 143.0, 226.0, 75.0 ],
		"beatsperbar:" : 4,
		"beatmap:" : [ 0.0, 0.196429, 0.352679, 0.714286 ],
		"scoreoffset:" : [ -99.905785, -3679.113525 ],
		"ballheight:" : 0.4
	}
,
	"bar101" : 	{
		"ballcoord:" : [ 279.0, 143.0, 207.0, 75.0 ],
		"beatsperbar:" : 4,
		"beatmap:" : [ 0.0, 0.25, 0.468293, 0.736585 ],
		"scoreoffset:" : [ -99.905785, -3679.113525 ],
		"ballheight:" : 0.4
	}
,
	"bar102" : 	{
		"ballcoord:" : [ 477.0, 143.0, 196.0, 75.0 ],
		"beatsperbar:" : 4,
		"beatmap:" : [ 0.0, 0.206186, 0.386598, 0.731959 ],
		"scoreoffset:" : [ -99.905785, -3679.113525 ],
		"ballheight:" : 0.4
	}
,
	"bar103" : 	{
		"ballcoord:" : [ 664.0, 143.0, 164.0, 75.0 ],
		"beatsperbar:" : 4,
		"beatmap:" : [ 0.0, 0.25, 0.45679, 0.691358 ],
		"scoreoffset:" : [ -99.905785, -3679.113525 ],
		"ballheight:" : 0.4
	}
,
	"bar104" : 	{
		"ballcoord:" : [ 819.0, 143.0, 126.0, 75.0 ],
		"beatsperbar:" : 4,
		"beatmap:" : [ 0.0, 0.25, 0.5, 0.75 ],
		"scoreoffset:" : [ -99.905785, -3679.113525 ],
		"ballheight:" : 0.4
	}
,
	"bar105" : 	{
		"ballcoord:" : [ 937.0, 143.0, 142.0, 75.0 ],
		"beatsperbar:" : 4,
		"beatmap:" : [ 0.0, 0.25, 0.5, 0.75 ],
		"scoreoffset:" : [ -99.905785, -3679.113525 ],
		"ballheight:" : 0.4
	}
,
	"bar106" : 	{
		"ballcoord:" : [ 55.0, 75.0, 185.0, 75.0 ],
		"beatsperbar:" : 4,
		"beatmap:" : [ 0.0, 0.25, 0.5, 0.75 ],
		"scoreoffset:" : [ -99.905785, -3938.91748 ],
		"ballheight:" : 0.4
	}
,
	"bar107" : 	{
		"ballcoord:" : [ 230.0, 75.0, 144.0, 75.0 ],
		"beatsperbar:" : 4,
		"beatmap:" : [ 0.0, 0.25, 0.5, 0.75 ],
		"scoreoffset:" : [ -99.905785, -3938.91748 ],
		"ballheight:" : 0.4
	}
,
	"bar108" : 	{
		"ballcoord:" : [ 365.0, 75.0, 229.0, 75.0 ],
		"beatsperbar:" : 4,
		"beatmap:" : [ 0.0, 0.25, 0.54185, 0.75 ],
		"scoreoffset:" : [ -99.905785, -3938.91748 ],
		"ballheight:" : 0.4
	}
,
	"bar109" : 	{
		"ballcoord:" : [ 585.0, 75.0, 241.0, 75.0 ],
		"beatsperbar:" : 4,
		"beatmap:" : [ 0.0, 0.25, 0.5, 0.736402 ],
		"scoreoffset:" : [ -99.905785, -3938.91748 ],
		"ballheight:" : 0.4
	}
,
	"bar110" : 	{
		"ballcoord:" : [ 817.0, 75.0, 230.0, 75.0 ],
		"beatsperbar:" : 4,
		"beatmap:" : [ 0.0, 0.285088, 0.447368, 0.666667 ],
		"scoreoffset:" : [ -99.905785, -3938.91748 ],
		"ballheight:" : 0.4
	}
,
	"bar111" : 	{
		"ballcoord:" : [ 65.0, 145.0, 999.0, 16.0 ],
		"beatsperbar:" : 16,
		"beatmap:" : [ 0.0, 0.0625, 0.125, 0.1875, 0.25, 0.3125, 0.375, 0.4375, 0.5, 0.5625, 0.625, 0.6875, 0.75, 0.8125, 0.875, 0.9375 ],
		"scoreoffset:" : [ -99.905785, -4062.800293 ],
		"ballheight:" : 0.0
	}
,
	"bar112" : 	{
		"ballcoord:" : [ 54.0, 145.0, 1014.0, 16.0 ],
		"beatsperbar:" : 16,
		"beatmap:" : [ 0.0, 0.0625, 0.125, 0.1875, 0.25, 0.3125, 0.375, 0.4375, 0.5, 0.5625, 0.625, 0.6875, 0.75, 0.8125, 0.875, 0.9375 ],
		"scoreoffset:" : [ -99.905785, -4255.196777 ],
		"ballheight:" : 0.0
	}
,
	"bar113" : 	{
		"ballcoord:" : [ 51.0, 145.0, 1016.0, 16.0 ],
		"beatsperbar:" : 16,
		"beatmap:" : [ 0.0, 0.0625, 0.125, 0.1875, 0.25, 0.3125, 0.375, 0.4375, 0.5, 0.5625, 0.625, 0.6875, 0.75, 0.8125, 0.875, 0.9375 ],
		"scoreoffset:" : [ -99.905785, -4447.210938 ],
		"ballheight:" : 0.0
	}
,
	"bar114" : 	{
		"ballcoord:" : [ 58.0, 145.0, 1015.0, 16.0 ],
		"beatsperbar:" : 16,
		"beatmap:" : [ 0.0, 0.0625, 0.125, 0.1875, 0.25, 0.3125, 0.375, 0.4375, 0.5, 0.5625, 0.625, 0.6875, 0.75, 0.8125, 0.875, 0.9375 ],
		"scoreoffset:" : [ -99.905785, -4640.257324 ],
		"ballheight:" : 0.0
	}
,
	"bar115" : 	{
		"ballcoord:" : [ 61.0, 145.0, 1010.0, 16.0 ],
		"beatsperbar:" : 16,
		"beatmap:" : [ 0.0, 0.0625, 0.125, 0.1875, 0.25, 0.3125, 0.375, 0.4375, 0.5, 0.5625, 0.625, 0.6875, 0.75, 0.8125, 0.875, 0.9375 ],
		"scoreoffset:" : [ -99.905785, -4829.775391 ],
		"ballheight:" : 0.0
	}
,
	"bar116" : 	{
		"ballcoord:" : [ 45.0, 159.0, 1023.0, 16.0 ],
		"beatsperbar:" : 16,
		"beatmap:" : [ 0.0, 0.0625, 0.125, 0.1875, 0.25, 0.3125, 0.375, 0.4375, 0.5, 0.5625, 0.625, 0.6875, 0.75, 0.8125, 0.875, 0.9375 ],
		"scoreoffset:" : [ -98.833298, -5024.210938 ],
		"ballheight:" : 0.0
	}
,
	"bar117" : 	{
		"ballcoord:" : [ 49.0, 159.0, 1023.0, 16.0 ],
		"beatsperbar:" : 16,
		"beatmap:" : [ 0.0, 0.0625, 0.125, 0.1875, 0.25, 0.3125, 0.375, 0.4375, 0.5, 0.5625, 0.625, 0.6875, 0.75, 0.8125, 0.875, 0.9375 ],
		"scoreoffset:" : [ -98.833298, -5216.037109 ],
		"ballheight:" : 0.0
	}
,
	"bar118" : 	{
		"ballcoord:" : [ 56.0, 196.0, 1012.0, 16.0 ],
		"beatsperbar:" : 16,
		"beatmap:" : [ 0.0, 0.0625, 0.125, 0.1875, 0.25, 0.3125, 0.375, 0.4375, 0.5, 0.5625, 0.625, 0.6875, 0.75, 0.8125, 0.875, 0.9375 ],
		"scoreoffset:" : [ -98.833298, -5407.758301 ],
		"ballheight:" : 0.0
	}
,
	"bar119" : 	{
		"ballcoord:" : [ 57.0, 196.0, 1019.0, 16.0 ],
		"beatsperbar:" : 16,
		"beatmap:" : [ 0.0, 0.0625, 0.125, 0.1875, 0.25, 0.3125, 0.375, 0.4375, 0.5, 0.5625, 0.625, 0.6875, 0.75, 0.8125, 0.875, 0.9375 ],
		"scoreoffset:" : [ -98.833298, -5601.478516 ],
		"ballheight:" : 0.0
	}
,
	"bar120" : 	{
		"ballcoord:" : [ 61.0, 196.0, 1012.0, 16.0 ],
		"beatsperbar:" : 16,
		"beatmap:" : [ 0.0, 0.0625, 0.125, 0.1875, 0.25, 0.3125, 0.375, 0.4375, 0.5, 0.5625, 0.625, 0.6875, 0.75, 0.8125, 0.875, 0.9375 ],
		"scoreoffset:" : [ -98.833298, -5791.988281 ],
		"ballheight:" : 0.0
	}
,
	"bar121" : 	{
		"ballcoord:" : [ 59.0, 196.0, 1013.0, 16.0 ],
		"beatsperbar:" : 16,
		"beatmap:" : [ 0.0, 0.0625, 0.125, 0.1875, 0.25, 0.3125, 0.375, 0.4375, 0.5, 0.5625, 0.625, 0.6875, 0.75, 0.8125, 0.875, 0.9375 ],
		"scoreoffset:" : [ -98.833298, -5983.716309 ],
		"ballheight:" : 0.0
	}
,
	"bar122" : 	{
		"ballcoord:" : [ 59.0, 196.0, 1011.0, 16.0 ],
		"beatsperbar:" : 16,
		"beatmap:" : [ 0.0, 0.0625, 0.125, 0.1875, 0.25, 0.3125, 0.375, 0.4375, 0.5, 0.5625, 0.625, 0.6875, 0.75, 0.8125, 0.875, 0.9375 ],
		"scoreoffset:" : [ -98.833298, -6174.823242 ],
		"ballheight:" : 0.0
	}
,
	"bar123" : 	{
		"ballcoord:" : [ 73.0, 143.0, 182.0, 75.0 ],
		"beatsperbar:" : 4,
		"beatmap:" : [ 0.0, 0.25, 0.5, 0.75 ],
		"scoreoffset:" : [ -98.692078, -6368.180664 ],
		"ballheight:" : 0.4
	}
,
	"bar124" : 	{
		"ballcoord:" : [ 246.0, 143.0, 169.0, 75.0 ],
		"beatsperbar:" : 4,
		"beatmap:" : [ 0.0, 0.25, 0.5, 0.75 ],
		"scoreoffset:" : [ -98.692078, -6368.180664 ],
		"ballheight:" : 0.4
	}
,
	"bar125" : 	{
		"ballcoord:" : [ 406.0, 143.0, 188.0, 75.0 ],
		"beatsperbar:" : 4,
		"beatmap:" : [ 0.0, 0.204301, 0.397849, 0.645161 ],
		"scoreoffset:" : [ -98.692078, -6368.180664 ],
		"ballheight:" : 0.4
	}
,
	"bar126" : 	{
		"ballcoord:" : [ 585.0, 143.0, 258.0, 75.0 ],
		"beatsperbar:" : 4,
		"beatmap:" : [ 0.0, 0.277344, 0.574219, 0.714844 ],
		"scoreoffset:" : [ -98.692078, -6368.180664 ],
		"ballheight:" : 0.4
	}
,
	"bar127" : 	{
		"ballcoord:" : [ 834.0, 143.0, 239.0, 75.0 ],
		"beatsperbar:" : 4,
		"beatmap:" : [ 0.0, 0.278481, 0.523207, 0.75 ],
		"scoreoffset:" : [ -98.692078, -6368.180664 ],
		"ballheight:" : 0.4
	}
,
	"bar128" : 	{
		"ballcoord:" : [ 69.0, 143.0, 194.0, 75.0 ],
		"beatsperbar:" : 4,
		"beatmap:" : [ 0.0, 0.34375, 0.578125, 0.75 ],
		"scoreoffset:" : [ -98.692078, -6560.943848 ],
		"ballheight:" : 0.4
	}
,
	"bar129" : 	{
		"ballcoord:" : [ 254.0, 143.0, 274.0, 75.0 ],
		"beatsperbar:" : 4,
		"beatmap:" : [ 0.0, 0.205882, 0.386029, 0.650735 ],
		"scoreoffset:" : [ -98.692078, -6560.943848 ],
		"ballheight:" : 0.4
	}
,
	"bar130" : 	{
		"ballcoord:" : [ 520.0, 143.0, 311.0, 75.0 ],
		"beatsperbar:" : 4,
		"beatmap:" : [ 0.0, 0.220065, 0.469256, 0.711974 ],
		"scoreoffset:" : [ -98.692078, -6560.943848 ],
		"ballheight:" : 0.4
	}
,
	"bar131" : 	{
		"ballcoord:" : [ 822.0, 143.0, 249.0, 75.0 ],
		"beatsperbar:" : 4,
		"beatmap:" : [ 0.0, 0.323887, 0.619433, 0.825911 ],
		"scoreoffset:" : [ -98.692078, -6560.943848 ],
		"ballheight:" : 0.4
	}
,
	"bar132" : 	{
		"ballcoord:" : [ 62.0, 143.0, 296.0, 75.0 ],
		"beatsperbar:" : 4,
		"beatmap:" : [ 0.0, 0.25, 0.5, 0.72449 ],
		"scoreoffset:" : [ -98.692078, -6752.634277 ],
		"ballheight:" : 0.4
	}
,
	"bar133" : 	{
		"ballcoord:" : [ 349.0, 143.0, 266.0, 75.0 ],
		"beatsperbar:" : 4,
		"beatmap:" : [ 0.0, 0.25, 0.5, 0.731061 ],
		"scoreoffset:" : [ -98.692078, -6752.634277 ],
		"ballheight:" : 0.4
	}
,
	"bar134" : 	{
		"ballcoord:" : [ 606.0, 143.0, 266.0, 75.0 ],
		"beatsperbar:" : 4,
		"beatmap:" : [ 0.0, 0.215909, 0.462121, 0.670455 ],
		"scoreoffset:" : [ -98.692078, -6752.634277 ],
		"ballheight:" : 0.4
	}
,
	"bar135" : 	{
		"ballcoord:" : [ 863.0, 143.0, 210.0, 75.0 ],
		"beatsperbar:" : 4,
		"beatmap:" : [ 0.0, 0.302885, 0.548077, 0.778846 ],
		"scoreoffset:" : [ -98.692078, -6752.634277 ],
		"ballheight:" : 0.4
	}
,
	"bar136" : 	{
		"ballcoord:" : [ 64.0, 143.0, 259.0, 75.0 ],
		"beatsperbar:" : 4,
		"beatmap:" : [ 0.0, 0.25, 0.478599, 0.708171 ],
		"scoreoffset:" : [ -98.692078, -6945.410645 ],
		"ballheight:" : 0.4
	}
,
	"bar137" : 	{
		"ballcoord:" : [ 315.0, 143.0, 228.0, 75.0 ],
		"beatsperbar:" : 4,
		"beatmap:" : [ 0.0, 0.25, 0.40708, 0.637168 ],
		"scoreoffset:" : [ -98.692078, -6945.410645 ],
		"ballheight:" : 0.4
	}
,
	"bar138" : 	{
		"ballcoord:" : [ 533.0, 143.0, 157.0, 75.0 ],
		"beatsperbar:" : 4,
		"beatmap:" : [ 0.0, 0.335484, 0.548387, 0.75 ],
		"scoreoffset:" : [ -98.692078, -6945.410645 ],
		"ballheight:" : 0.4
	}
,
	"bar139" : 	{
		"ballcoord:" : [ 682.0, 143.0, 196.0, 75.0 ],
		"beatsperbar:" : 4,
		"beatmap:" : [ 0.0, 0.237113, 0.438144, 0.654639 ],
		"scoreoffset:" : [ -98.692078, -6945.410645 ],
		"ballheight:" : 0.4
	}
,
	"bar140" : 	{
		"ballcoord:" : [ 868.0, 143.0, 209.0, 75.0 ],
		"beatsperbar:" : 4,
		"beatmap:" : [ 0.0, 0.299517, 0.608696, 0.797101 ],
		"scoreoffset:" : [ -98.692078, -6945.410645 ],
		"ballheight:" : 0.4
	}
,
	"bar141" : 	{
		"ballcoord:" : [ 62.0, 143.0, 248.0, 75.0 ],
		"beatsperbar:" : 4,
		"beatmap:" : [ 0.0, 0.219512, 0.48374, 0.743902 ],
		"scoreoffset:" : [ -98.692078, -7137.415527 ],
		"ballheight:" : 0.4
	}
,
	"bar142" : 	{
		"ballcoord:" : [ 303.0, 143.0, 361.0, 75.0 ],
		"beatsperbar:" : 4,
		"beatmap:" : [ 0.0, 0.25, 0.504178, 0.693593 ],
		"scoreoffset:" : [ -98.692078, -7137.415527 ],
		"ballheight:" : 0.4
	}
,
	"bar143" : 	{
		"ballcoord:" : [ 656.0, 143.0, 284.0, 75.0 ],
		"beatsperbar:" : 4,
		"beatmap:" : [ 0.0, 0.25, 0.460993, 0.72695 ],
		"scoreoffset:" : [ -98.692078, -7137.415527 ],
		"ballheight:" : 0.4
	}
,
	"bar144" : 	{
		"ballcoord:" : [ 930.0, 143.0, 144.0, 75.0 ],
		"beatsperbar:" : 4,
		"beatmap:" : [ 0.0, 0.25, 0.5, 0.75 ],
		"scoreoffset:" : [ -98.692078, -7137.415527 ],
		"ballheight:" : 0.4
	}
,
	"bar145" : 	{
		"ballcoord:" : [ 52.0, 143.0, 139.0, 75.0 ],
		"beatsperbar:" : 4,
		"beatmap:" : [ 0.0, 0.25, 0.5, 0.75 ],
		"scoreoffset:" : [ -98.692078, -7330.083496 ],
		"ballheight:" : 0.4
	}
,
	"bar146" : 	{
		"ballcoord:" : [ 182.0, 143.0, 180.0, 75.0 ],
		"beatsperbar:" : 4,
		"beatmap:" : [ 0.0, 0.286517, 0.47191, 0.634831 ],
		"scoreoffset:" : [ -98.692078, -7330.083496 ],
		"ballheight:" : 0.4
	}
,
	"bar147" : 	{
		"ballcoord:" : [ 354.0, 143.0, 147.0, 75.0 ],
		"beatsperbar:" : 4,
		"beatmap:" : [ 0.0, 0.25, 0.5, 0.75 ],
		"scoreoffset:" : [ -98.692078, -7330.083496 ],
		"ballheight:" : 0.4
	}
,
	"bar148" : 	{
		"ballcoord:" : [ 493.0, 143.0, 209.0, 75.0 ],
		"beatsperbar:" : 4,
		"beatmap:" : [ 0.0, 0.188406, 0.362319, 0.700483 ],
		"scoreoffset:" : [ -98.692078, -7330.083496 ],
		"ballheight:" : 0.4
	}
,
	"bar149" : 	{
		"ballcoord:" : [ 693.0, 143.0, 177.0, 75.0 ],
		"beatsperbar:" : 4,
		"beatmap:" : [ 0.0, 0.268571, 0.5, 0.75 ],
		"scoreoffset:" : [ -98.692078, -7330.083496 ],
		"ballheight:" : 0.4
	}
,
	"bar150" : 	{
		"ballcoord:" : [ 862.0, 143.0, 211.0, 75.0 ],
		"beatsperbar:" : 4,
		"beatmap:" : [ 0.0, 0.282297, 0.641148, 0.822967 ],
		"scoreoffset:" : [ -98.692078, -7330.083496 ],
		"ballheight:" : 0.4
	}
,
	"bar151" : 	{
		"ballcoord:" : [ 63.0, 143.0, 169.0, 75.0 ],
		"beatsperbar:" : 4,
		"beatmap:" : [ 0.0, 0.221557, 0.407186, 0.60479 ],
		"scoreoffset:" : [ -98.692078, -7521.647949 ],
		"ballheight:" : 0.4
	}
,
	"bar152" : 	{
		"ballcoord:" : [ 222.0, 143.0, 275.0, 75.0 ],
		"beatsperbar:" : 4,
		"beatmap:" : [ 0.0, 0.384615, 0.622711, 0.787546 ],
		"scoreoffset:" : [ -98.692078, -7521.647949 ],
		"ballheight:" : 0.4
	}
,
	"bar153" : 	{
		"ballcoord:" : [ 488.0, 143.0, 186.0, 75.0 ],
		"beatsperbar:" : 4,
		"beatmap:" : [ 0.0, 0.288043, 0.521739, 0.728261 ],
		"scoreoffset:" : [ -98.692078, -7521.647949 ],
		"ballheight:" : 0.4
	}
,
	"bar154" : 	{
		"ballcoord:" : [ 666.0, 143.0, 264.0, 75.0 ],
		"beatsperbar:" : 4,
		"beatmap:" : [ 0.0, 0.25, 0.473282, 0.671756 ],
		"scoreoffset:" : [ -98.692078, -7521.647949 ],
		"ballheight:" : 0.4
	}
,
	"bar155" : 	{
		"ballcoord:" : [ 922.0, 143.0, 152.0, 75.0 ],
		"beatsperbar:" : 4,
		"beatmap:" : [ 0.0, 0.25, 0.46, 0.68 ],
		"scoreoffset:" : [ -98.692078, -7521.647949 ],
		"ballheight:" : 0.4
	}
,
	"bar156" : 	{
		"ballcoord:" : [ 77.0, 143.0, 275.0, 75.0 ],
		"beatsperbar:" : 4,
		"beatmap:" : [ 0.0, 0.234432, 0.468864, 0.688645 ],
		"scoreoffset:" : [ -98.692078, -7713.965332 ],
		"ballheight:" : 0.4
	}
,
	"bar157" : 	{
		"ballcoord:" : [ 344.0, 143.0, 252.0, 75.0 ],
		"beatsperbar:" : 4,
		"beatmap:" : [ 0.0, 0.192, 0.348, 0.664 ],
		"scoreoffset:" : [ -98.692078, -7713.965332 ],
		"ballheight:" : 0.4
	}
,
	"bar158" : 	{
		"ballcoord:" : [ 588.0, 143.0, 232.0, 75.0 ],
		"beatsperbar:" : 4,
		"beatmap:" : [ 0.0, 0.25, 0.6, 0.778261 ],
		"scoreoffset:" : [ -98.692078, -7713.965332 ],
		"ballheight:" : 0.4
	}
,
	"bar159" : 	{
		"ballcoord:" : [ 812.0, 143.0, 267.0, 75.0 ],
		"beatsperbar:" : 4,
		"beatmap:" : [ 0.0, 0.218868, 0.524528, 0.781132 ],
		"scoreoffset:" : [ -98.692078, -7713.965332 ],
		"ballheight:" : 0.4
	}
,
	"bar160" : 	{
		"ballcoord:" : [ 66.0, 143.0, 275.0, 75.0 ],
		"beatsperbar:" : 4,
		"beatmap:" : [ 0.0, 0.285714, 0.435897, 0.593407 ],
		"scoreoffset:" : [ -98.692078, -7906.251465 ],
		"ballheight:" : 0.4
	}
,
	"bar161" : 	{
		"ballcoord:" : [ 335.0, 143.0, 207.0, 75.0 ],
		"beatsperbar:" : 4,
		"beatmap:" : [ 0.0, 0.209756, 0.385366, 0.580488 ],
		"scoreoffset:" : [ -98.692078, -7906.251465 ],
		"ballheight:" : 0.4
	}
,
	"bar162" : 	{
		"ballcoord:" : [ 533.0, 143.0, 288.0, 75.0 ],
		"beatsperbar:" : 4,
		"beatmap:" : [ 0.0, 0.286713, 0.653846, 0.807692 ],
		"scoreoffset:" : [ -98.692078, -7906.251465 ],
		"ballheight:" : 0.4
	}
,
	"bar163" : 	{
		"ballcoord:" : [ 812.0, 143.0, 264.0, 75.0 ],
		"beatsperbar:" : 4,
		"beatmap:" : [ 0.0, 0.240458, 0.419847, 0.664122 ],
		"scoreoffset:" : [ -98.692078, -7906.251465 ],
		"ballheight:" : 0.4
	}
,
	"bar164" : 	{
		"ballcoord:" : [ 63.0, 143.0, 181.0, 75.0 ],
		"beatsperbar:" : 4,
		"beatmap:" : [ 0.0, 0.201117, 0.385475, 0.709497 ],
		"scoreoffset:" : [ -98.692078, -8098.741699 ],
		"ballheight:" : 0.4
	}
,
	"bar165" : 	{
		"ballcoord:" : [ 234.0, 143.0, 169.0, 75.0 ],
		"beatsperbar:" : 4,
		"beatmap:" : [ 0.0, 0.287425, 0.568862, 0.75 ],
		"scoreoffset:" : [ -98.692078, -8098.741699 ],
		"ballheight:" : 0.4
	}
,
	"bar166" : 	{
		"ballcoord:" : [ 395.0, 143.0, 219.0, 75.0 ],
		"beatsperbar:" : 4,
		"beatmap:" : [ 0.0, 0.193548, 0.327189, 0.626728 ],
		"scoreoffset:" : [ -98.692078, -8098.741699 ],
		"ballheight:" : 0.4
	}
,
	"bar167" : 	{
		"ballcoord:" : [ 606.0, 143.0, 193.0, 75.0 ],
		"beatsperbar:" : 4,
		"beatmap:" : [ 0.0, 0.25, 0.612565, 0.780105 ],
		"scoreoffset:" : [ -98.692078, -8098.741699 ],
		"ballheight:" : 0.4
	}
,
	"bar168" : 	{
		"ballcoord:" : [ 792.0, 143.0, 165.0, 75.0 ],
		"beatsperbar:" : 4,
		"beatmap:" : [ 0.0, 0.251534, 0.539877, 0.75 ],
		"scoreoffset:" : [ -98.692078, -8098.741699 ],
		"ballheight:" : 0.4
	}
,
	"bar169" : 	{
		"ballcoord:" : [ 947.0, 143.0, 131.0, 75.0 ],
		"beatsperbar:" : 4,
		"beatmap:" : [ 0.0, 0.356589, 0.550388, 0.767442 ],
		"scoreoffset:" : [ -98.692078, -8098.741699 ],
		"ballheight:" : 0.4
	}
,
	"bar170" : 	{
		"ballcoord:" : [ 62.0, 143.0, 278.0, 75.0 ],
		"beatsperbar:" : 4,
		"beatmap:" : [ 0.0, 0.300725, 0.550725, 0.804348 ],
		"scoreoffset:" : [ -98.692078, -8290.389648 ],
		"ballheight:" : 0.4
	}
,
	"bar171" : 	{
		"ballcoord:" : [ 331.0, 143.0, 196.0, 75.0 ],
		"beatsperbar:" : 4,
		"beatmap:" : [ 0.0, 0.226804, 0.634021, 0.814433 ],
		"scoreoffset:" : [ -98.692078, -8290.389648 ],
		"ballheight:" : 0.4
	}
,
	"bar172" : 	{
		"ballcoord:" : [ 518.0, 143.0, 200.0, 75.0 ],
		"beatsperbar:" : 4,
		"beatmap:" : [ 0.0, 0.176768, 0.333333, 0.510101 ],
		"scoreoffset:" : [ -98.692078, -8290.389648 ],
		"ballheight:" : 0.4
	}
,
	"bar173" : 	{
		"ballcoord:" : [ 709.0, 143.0, 261.0, 75.0 ],
		"beatsperbar:" : 4,
		"beatmap:" : [ 0.0, 0.42471, 0.749035, 0.849421 ],
		"scoreoffset:" : [ -98.692078, -8290.389648 ],
		"ballheight:" : 0.4
	}
,
	"bar174" : 	{
		"ballcoord:" : [ 962.0, 143.0, 119.0, 75.0 ],
		"beatsperbar:" : 4,
		"beatmap:" : [ 0.0, 0.25, 0.5, 0.75 ],
		"scoreoffset:" : [ -98.692078, -8290.389648 ],
		"ballheight:" : 0.4
	}
,
	"bar175" : 	{
		"ballcoord:" : [ 60.0, 143.0, 283.0, 75.0 ],
		"beatsperbar:" : 4,
		"beatmap:" : [ 0.0, 0.19573, 0.384342, 0.594306 ],
		"scoreoffset:" : [ -98.692078, -8484.077148 ],
		"ballheight:" : 0.4
	}
,
	"bar176" : 	{
		"ballcoord:" : [ 334.0, 143.0, 244.0, 75.0 ],
		"beatsperbar:" : 4,
		"beatmap:" : [ 0.0, 0.210744, 0.400826, 0.665289 ],
		"scoreoffset:" : [ -98.692078, -8484.077148 ],
		"ballheight:" : 0.4
	}
,
	"bar177" : 	{
		"ballcoord:" : [ 569.0, 143.0, 271.0, 75.0 ],
		"beatsperbar:" : 4,
		"beatmap:" : [ 0.0, 0.211896, 0.464684, 0.713755 ],
		"scoreoffset:" : [ -98.692078, -8484.077148 ],
		"ballheight:" : 0.4
	}
,
	"bar178" : 	{
		"ballcoord:" : [ 831.0, 143.0, 243.0, 75.0 ],
		"beatsperbar:" : 4,
		"beatmap:" : [ 0.0, 0.25, 0.53527, 0.75 ],
		"scoreoffset:" : [ -98.692078, -8484.077148 ],
		"ballheight:" : 0.4
	}
,
	"bar179" : 	{
		"ballcoord:" : [ 66.0, 143.0, 340.0, 75.0 ],
		"beatsperbar:" : 4,
		"beatmap:" : [ 0.0, 0.236686, 0.467456, 0.671598 ],
		"scoreoffset:" : [ -98.692078, -8674.902344 ],
		"ballheight:" : 0.4
	}
,
	"bar180" : 	{
		"ballcoord:" : [ 397.0, 143.0, 249.0, 75.0 ],
		"beatsperbar:" : 4,
		"beatmap:" : [ 0.0, 0.182186, 0.307692, 0.54251 ],
		"scoreoffset:" : [ -98.692078, -8674.902344 ],
		"ballheight:" : 0.4
	}
,
	"bar181" : 	{
		"ballcoord:" : [ 638.0, 143.0, 271.0, 75.0 ],
		"beatsperbar:" : 4,
		"beatmap:" : [ 0.0, 0.25, 0.431227, 0.654275 ],
		"scoreoffset:" : [ -98.692078, -8674.902344 ],
		"ballheight:" : 0.4
	}
,
	"bar182" : 	{
		"ballcoord:" : [ 901.0, 143.0, 174.0, 75.0 ],
		"beatsperbar:" : 4,
		"beatmap:" : [ 0.0, 0.226744, 0.44186, 0.726744 ],
		"scoreoffset:" : [ -98.692078, -8674.902344 ],
		"ballheight:" : 0.4
	}
,
	"bar183" : 	{
		"ballcoord:" : [ 76.0, 143.0, 213.0, 75.0 ],
		"beatsperbar:" : 4,
		"beatmap:" : [ 0.0, 0.274882, 0.49763, 0.71564 ],
		"scoreoffset:" : [ -98.692078, -8866.856445 ],
		"ballheight:" : 0.4
	}
,
	"bar184" : 	{
		"ballcoord:" : [ 279.0, 143.0, 210.0, 75.0 ],
		"beatsperbar:" : 4,
		"beatmap:" : [ 0.0, 0.25, 0.456731, 0.673077 ],
		"scoreoffset:" : [ -98.692078, -8866.856445 ],
		"ballheight:" : 0.4
	}
,
	"bar185" : 	{
		"ballcoord:" : [ 481.0, 143.0, 226.0, 75.0 ],
		"beatsperbar:" : 4,
		"beatmap:" : [ 0.0, 0.303571, 0.678571, 0.825893 ],
		"scoreoffset:" : [ -98.692078, -8866.856445 ],
		"ballheight:" : 0.4
	}
,
	"bar186" : 	{
		"ballcoord:" : [ 699.0, 143.0, 131.0, 75.0 ],
		"beatsperbar:" : 4,
		"beatmap:" : [ 0.0, 0.25, 0.5, 0.75 ],
		"scoreoffset:" : [ -98.692078, -8866.856445 ],
		"ballheight:" : 0.4
	}
,
	"bar187" : 	{
		"ballcoord:" : [ 822.0, 143.0, 137.0, 75.0 ],
		"beatsperbar:" : 4,
		"beatmap:" : [ 0.0, 0.25, 0.5, 0.75 ],
		"scoreoffset:" : [ -98.692078, -8866.856445 ],
		"ballheight:" : 0.4
	}
,
	"bar188" : 	{
		"ballcoord:" : [ 951.0, 143.0, 122.0, 75.0 ],
		"beatsperbar:" : 4,
		"beatmap:" : [ 0.0, 0.25, 0.5, 0.75 ],
		"scoreoffset:" : [ -98.692078, -8866.856445 ],
		"ballheight:" : 0.4
	}
,
	"bar189" : 	{
		"ballcoord:" : [ 54.0, 143.0, 118.0, 75.0 ],
		"beatsperbar:" : 4,
		"beatmap:" : [ 0.0, 0.25, 0.5, 0.75 ],
		"scoreoffset:" : [ -98.692078, -9058.823242 ],
		"ballheight:" : 0.4
	}
,
	"bar190" : 	{
		"ballcoord:" : [ 164.0, 143.0, 187.0, 75.0 ],
		"beatsperbar:" : 4,
		"beatmap:" : [ 0.0, 0.25, 0.410811, 0.610811 ],
		"scoreoffset:" : [ -98.692078, -9058.823242 ],
		"ballheight:" : 0.4
	}
,
	"bar191" : 	{
		"ballcoord:" : [ 342.0, 143.0, 157.0, 75.0 ],
		"beatsperbar:" : 4,
		"beatmap:" : [ 0.0, 0.25, 0.5, 0.75 ],
		"scoreoffset:" : [ -98.692078, -9058.823242 ],
		"ballheight:" : 0.4
	}
,
	"bar192" : 	{
		"ballcoord:" : [ 491.0, 143.0, 196.0, 75.0 ],
		"beatsperbar:" : 4,
		"beatmap:" : [ 0.0, 0.206186, 0.412371, 0.75 ],
		"scoreoffset:" : [ -98.692078, -9058.823242 ],
		"ballheight:" : 0.4
	}
,
	"bar193" : 	{
		"ballcoord:" : [ 678.0, 143.0, 216.0, 75.0 ],
		"beatsperbar:" : 4,
		"beatmap:" : [ 0.0, 0.257009, 0.556075, 0.771028 ],
		"scoreoffset:" : [ -98.692078, -9058.823242 ],
		"ballheight:" : 0.4
	}
,
	"bar194" : 	{
		"ballcoord:" : [ 885.0, 143.0, 188.0, 75.0 ],
		"beatsperbar:" : 4,
		"beatmap:" : [ 0.0, 0.290323, 0.489247, 0.741935 ],
		"scoreoffset:" : [ -98.692078, -9058.823242 ],
		"ballheight:" : 0.4
	}
,
	"bar195" : 	{
		"ballcoord:" : [ 66.0, 143.0, 206.0, 75.0 ],
		"beatsperbar:" : 4,
		"beatmap:" : [ 0.0, 0.22549, 0.416667, 0.75 ],
		"scoreoffset:" : [ -98.692078, -9252.00293 ],
		"ballheight:" : 0.4
	}
,
	"bar196" : 	{
		"ballcoord:" : [ 263.0, 143.0, 204.0, 75.0 ],
		"beatsperbar:" : 4,
		"beatmap:" : [ 0.0, 0.217822, 0.440594, 0.673267 ],
		"scoreoffset:" : [ -98.692078, -9252.00293 ],
		"ballheight:" : 0.4
	}
,
	"bar197" : 	{
		"ballcoord:" : [ 458.0, 143.0, 251.0, 75.0 ],
		"beatsperbar:" : 4,
		"beatmap:" : [ 0.0, 0.180723, 0.481928, 0.682731 ],
		"scoreoffset:" : [ -98.692078, -9252.00293 ],
		"ballheight:" : 0.4
	}
,
	"bar198" : 	{
		"ballcoord:" : [ 700.0, 143.0, 204.0, 75.0 ],
		"beatsperbar:" : 4,
		"beatmap:" : [ 0.0, 0.311881, 0.5, 0.678218 ],
		"scoreoffset:" : [ -98.692078, -9252.00293 ],
		"ballheight:" : 0.4
	}
,
	"bar199" : 	{
		"ballcoord:" : [ 896.0, 143.0, 177.0, 75.0 ],
		"beatsperbar:" : 4,
		"beatmap:" : [ 0.0, 0.262857, 0.571429, 0.765714 ],
		"scoreoffset:" : [ -98.692078, -9252.00293 ],
		"ballheight:" : 0.4
	}
,
	"bar200" : 	{
		"ballcoord:" : [ 69.0, 143.0, 245.0, 75.0 ],
		"beatsperbar:" : 4,
		"beatmap:" : [ 0.0, 0.18107, 0.337449, 0.596708 ],
		"scoreoffset:" : [ -98.692078, -9443.44043 ],
		"ballheight:" : 0.4
	}
,
	"bar201" : 	{
		"ballcoord:" : [ 306.0, 143.0, 187.0, 75.0 ],
		"beatsperbar:" : 4,
		"beatmap:" : [ 0.0, 0.259459, 0.551351, 0.75 ],
		"scoreoffset:" : [ -98.692078, -9443.44043 ],
		"ballheight:" : 0.4
	}
,
	"bar202" : 	{
		"ballcoord:" : [ 484.0, 143.0, 306.0, 75.0 ],
		"beatsperbar:" : 4,
		"beatmap:" : [ 0.0, 0.299342, 0.5, 0.723684 ],
		"scoreoffset:" : [ -98.692078, -9443.44043 ],
		"ballheight:" : 0.4
	}
,
	"bar203" : 	{
		"ballcoord:" : [ 782.0, 143.0, 298.0, 75.0 ],
		"beatsperbar:" : 4,
		"beatmap:" : [ 0.0, 0.290541, 0.547297, 0.75 ],
		"scoreoffset:" : [ -98.692078, -9443.44043 ],
		"ballheight:" : 0.4
	}
,
	"bar204" : 	{
		"ballcoord:" : [ 67.0, 143.0, 227.0, 75.0 ],
		"beatsperbar:" : 4,
		"beatmap:" : [ 0.0, 0.213333, 0.511111, 0.733333 ],
		"scoreoffset:" : [ -98.692078, -9635.288086 ],
		"ballheight:" : 0.4
	}
,
	"bar205" : 	{
		"ballcoord:" : [ 286.0, 143.0, 128.0, 75.0 ],
		"beatsperbar:" : 4,
		"beatmap:" : [ 0.0, 0.25, 0.5, 0.75 ],
		"scoreoffset:" : [ -98.692078, -9635.288086 ],
		"ballheight:" : 0.4
	}
,
	"bar206" : 	{
		"ballcoord:" : [ 405.0, 143.0, 188.0, 75.0 ],
		"beatsperbar:" : 4,
		"beatmap:" : [ 0.0, 0.204301, 0.38172, 0.591398 ],
		"scoreoffset:" : [ -98.692078, -9635.288086 ],
		"ballheight:" : 0.4
	}
,
	"bar207" : 	{
		"ballcoord:" : [ 584.0, 143.0, 142.0, 75.0 ],
		"beatsperbar:" : 4,
		"beatmap:" : [ 0.0, 0.242857, 0.428571, 0.628571 ],
		"scoreoffset:" : [ -98.692078, -9635.288086 ],
		"ballheight:" : 0.4
	}
,
	"bar208" : 	{
		"ballcoord:" : [ 718.0, 143.0, 217.0, 75.0 ],
		"beatsperbar:" : 4,
		"beatmap:" : [ 0.0, 0.2, 0.381395, 0.748837 ],
		"scoreoffset:" : [ -98.692078, -9635.288086 ],
		"ballheight:" : 0.4
	}
,
	"bar209" : 	{
		"ballcoord:" : [ 927.0, 143.0, 146.0, 75.0 ],
		"beatsperbar:" : 4,
		"beatmap:" : [ 0.0, 0.25, 0.465278, 0.708333 ],
		"scoreoffset:" : [ -98.692078, -9635.288086 ],
		"ballheight:" : 0.4
	}
,
	"bar210" : 	{
		"ballcoord:" : [ 68.0, 143.0, 235.0, 75.0 ],
		"beatsperbar:" : 4,
		"beatmap:" : [ 0.0, 0.206009, 0.39485, 0.712446 ],
		"scoreoffset:" : [ -98.692078, -9828.417969 ],
		"ballheight:" : 0.4
	}
,
	"bar211" : 	{
		"ballcoord:" : [ 294.0, 143.0, 185.0, 75.0 ],
		"beatsperbar:" : 4,
		"beatmap:" : [ 0.0, 0.218579, 0.404372, 0.606557 ],
		"scoreoffset:" : [ -98.692078, -9828.417969 ],
		"ballheight:" : 0.4
	}
,
	"bar212" : 	{
		"ballcoord:" : [ 472.0, 143.0, 225.0, 75.0 ],
		"beatsperbar:" : 4,
		"beatmap:" : [ 0.0, 0.219731, 0.600897, 0.789238 ],
		"scoreoffset:" : [ -98.692078, -9828.417969 ],
		"ballheight:" : 0.4
	}
,
	"bar213" : 	{
		"ballcoord:" : [ 688.0, 143.0, 248.0, 75.0 ],
		"beatsperbar:" : 4,
		"beatmap:" : [ 0.0, 0.231707, 0.414634, 0.75 ],
		"scoreoffset:" : [ -98.692078, -9828.417969 ],
		"ballheight:" : 0.4
	}
,
	"bar214" : 	{
		"ballcoord:" : [ 927.0, 143.0, 148.0, 75.0 ],
		"beatsperbar:" : 4,
		"beatmap:" : [ 0.0, 0.219178, 0.438356, 0.678082 ],
		"scoreoffset:" : [ -98.692078, -9828.417969 ],
		"ballheight:" : 0.4
	}
,
	"bar215" : 	{
		"ballcoord:" : [ 65.0, 143.0, 365.0, 75.0 ],
		"beatsperbar:" : 4,
		"beatmap:" : [ 0.0, 0.305785, 0.575758, 0.694215 ],
		"scoreoffset:" : [ -98.692078, -10020.78418 ],
		"ballheight:" : 0.4
	}
,
	"bar216" : 	{
		"ballcoord:" : [ 423.0, 143.0, 378.0, 75.0 ],
		"beatsperbar:" : 4,
		"beatmap:" : [ 0.0, 0.292553, 0.553191, 0.760638 ],
		"scoreoffset:" : [ -98.692078, -10020.78418 ],
		"ballheight:" : 0.4
	}
,
	"bar217" : 	{
		"ballcoord:" : [ 793.0, 143.0, 285.0, 75.0 ],
		"beatsperbar:" : 4,
		"beatmap:" : [ 0.0, 0.134276, 0.29682, 0.636042 ],
		"scoreoffset:" : [ -98.692078, -10020.78418 ],
		"ballheight:" : 0.4
	}
,
	"bar218" : 	{
		"ballcoord:" : [ 66.0, 143.0, 407.0, 75.0 ],
		"beatsperbar:" : 4,
		"beatmap:" : [ 0.0, 0.204938, 0.409877, 0.688889 ],
		"scoreoffset:" : [ -98.692078, -10212.574219 ],
		"ballheight:" : 0.4
	}
,
	"bar219" : 	{
		"ballcoord:" : [ 464.0, 143.0, 305.0, 75.0 ],
		"beatsperbar:" : 4,
		"beatmap:" : [ 0.0, 0.25, 0.458746, 0.666667 ],
		"scoreoffset:" : [ -98.692078, -10212.574219 ],
		"ballheight:" : 0.4
	}
,
	"bar220" : 	{
		"ballcoord:" : [ 760.0, 143.0, 318.0, 75.0 ],
		"beatsperbar:" : 4,
		"beatmap:" : [ 0.0, 0.341772, 0.617089, 0.851266 ],
		"scoreoffset:" : [ -98.692078, -10212.574219 ],
		"ballheight:" : 0.4
	}

}
