{
	"general_settings" : 	{
		"current_system:" : 66,
		"bar1_beatsperbar:" : 4,
		"ballcolor:" : "ball_blue.png",
		"scrollerspeed:" : 0.5,
		"first_system:" : [ -92.647575, -27.36059 ],
		"score_file:" : "demoscore.png"
	}
,
	"bar0" : 	{
		"ballcoord:" : [ 87.0, 9.0, 156.0, 75.0 ],
		"beatsperbar:" : 4,
		"beatmap:" : [ 0.0, 0.25, 0.5, 0.75 ],
		"scoreoffset:" : [ -91.4552, -62.123356 ],
		"ballheight:" : 0.4
	}
,
	"bar1" : 	{
		"ballcoord:" : [ 87.0, 9.0, 156.0, 75.0 ],
		"beatsperbar:" : 4,
		"beatmap:" : [ 0.0, 0.25, 0.5, 0.75 ],
		"scoreoffset:" : [ -91.4552, -62.123356 ],
		"ballheight:" : 0.4
	}
,
	"bar2" : 	{
		"ballcoord:" : [ 233.0, 9.0, 155.0, 75.0 ],
		"beatsperbar:" : 4,
		"beatmap:" : [ 0.0, 0.25, 0.5, 0.75 ],
		"scoreoffset:" : [ -91.4552, -62.123356 ],
		"ballheight:" : 0.4
	}
,
	"bar3" : 	{
		"ballcoord:" : [ 379.0, 9.0, 232.0, 75.0 ],
		"beatsperbar:" : 4,
		"beatmap:" : [ 0.0, 0.2, 0.508696, 0.721739 ],
		"scoreoffset:" : [ -91.4552, -62.123356 ],
		"ballheight:" : 0.4
	}
,
	"bar4" : 	{
		"ballcoord:" : [ 601.0, 9.0, 226.0, 75.0 ],
		"beatsperbar:" : 4,
		"beatmap:" : [ 0.0, 0.214286, 0.46875, 0.732143 ],
		"scoreoffset:" : [ -91.4552, -62.123356 ],
		"ballheight:" : 0.4
	}
,
	"bar5" : 	{
		"ballcoord:" : [ 819.0, 9.0, 222.0, 75.0 ],
		"beatsperbar:" : 4,
		"beatmap:" : [ 0.0, 0.259091, 0.463636, 0.681818 ],
		"scoreoffset:" : [ -91.4552, -62.123356 ],
		"ballheight:" : 0.4
	}
,
	"bar6" : 	{
		"ballcoord:" : [ 93.0, 68.0, 947.0, 16.0 ],
		"beatsperbar:" : 16,
		"beatmap:" : [ 0.0, 0.0625, 0.125, 0.1875, 0.25, 0.3125, 0.375, 0.4375, 0.5, 0.5625, 0.625, 0.6875, 0.75, 0.8125, 0.875, 0.9375 ],
		"scoreoffset:" : [ -91.4552, -270.867737 ],
		"ballheight:" : 0.0
	}
,
	"bar7" : 	{
		"ballcoord:" : [ 95.0, 18.0, 157.0, 66.0 ],
		"beatsperbar:" : 3,
		"beatmap:" : [ 0.0, 0.277419, 0.529032 ],
		"scoreoffset:" : [ -91.4552, -480.763672 ],
		"ballheight:" : 0.4
	}
,
	"bar8" : 	{
		"ballcoord:" : [ 246.0, 18.0, 168.0, 66.0 ],
		"beatsperbar:" : 4,
		"beatmap:" : [ 0.0, 0.25, 0.5, 0.75 ],
		"scoreoffset:" : [ -91.4552, -480.763672 ],
		"ballheight:" : 0.4
	}
,
	"bar9" : 	{
		"ballcoord:" : [ 406.0, 18.0, 189.0, 66.0 ],
		"beatsperbar:" : 4,
		"beatmap:" : [ 0.0, 0.25, 0.417112, 0.641711 ],
		"scoreoffset:" : [ -91.4552, -480.763672 ],
		"ballheight:" : 0.4
	}
,
	"bar10" : 	{
		"ballcoord:" : [ 586.0, 18.0, 255.0, 66.0 ],
		"beatsperbar:" : 4,
		"beatmap:" : [ 0.0, 0.280632, 0.581028, 0.73913 ],
		"scoreoffset:" : [ -91.4552, -480.763672 ],
		"ballheight:" : 0.4
	}
,
	"bar11" : 	{
		"ballcoord:" : [ 832.0, 18.0, 237.0, 66.0 ],
		"beatsperbar:" : 4,
		"beatmap:" : [ 0.0, 0.25, 0.5, 0.75 ],
		"scoreoffset:" : [ -91.4552, -480.763672 ],
		"ballheight:" : 0.4
	}
,
	"bar12" : 	{
		"ballcoord:" : [ 0.0, 9.0, 0.0, 75.0 ],
		"beatsperbar:" : 4,
		"beatmap:" : [ 0.0, 0.25, 0.5, 0.75 ],
		"scoreoffset:" : [ -91.4552, -480.763672 ],
		"ballheight:" : 0.4
	}
,
	"bar13" : 	{
		"ballcoord:" : [ 0.0, 9.0, 0.0, 75.0 ],
		"beatsperbar:" : 4,
		"beatmap:" : [ 0.0, 0.25, 0.5, 0.75 ],
		"scoreoffset:" : [ -91.4552, -480.763672 ],
		"ballheight:" : 0.4
	}

}
